/chetna/*   https://www.linkedin.com/in/chetnaleffler/:splat   301!
/chetna     https://www.linkedin.com/in/chetnaleffler/         301!

/aryaman     https://www.linkedin.com/in/aryaman-saini/          301!
/aryaman/*   https://www.linkedin.com/in/aryaman-saini/          301!

/vikas       https://www.linkedin.com/in/vsaini2/                301!
/vikas/*     https://www.linkedin.com/in/vsaini2/                301!

/shashank    https://www.linkedin.com/in/shashank-saini1/        301!
/shashank/*  https://www.linkedin.com/in/shashank-saini1/        301!

/saurabh     https://www.linkedin.com/in/saurabh-saini/         301!
/saurabh/*   https://www.linkedin.com/in/saurabh-saini/         301!

/anshuman    https://www.linkedin.com/in/mr-anshu-saini/         301!
/anshuman/*  https://www.linkedin.com/in/mr-anshu-saini/         301!

/pulkit      https://www.linkedin.com/in/psaini5/                301!
/pulkit/*    https://www.linkedin.com/in/psaini5/                301!

/gulshan     https://www.linkedin.com/in/gulshan-kumar-saini/    301!
/gulshan/*   https://www.linkedin.com/in/gulshan-kumar-saini/    301!

/pratibha    https://www.linkedin.com/in/pratibha-saini-9b430911/ 301!
/pratibha/*  https://www.linkedin.com/in/pratibha-saini-9b430911/ 301!

/manoj       https://www.linkedin.com/in/manoj-saini-a4090057/   301!
/manoj/*     https://www.linkedin.com/in/manoj-saini-a4090057/   301!

/neena       https://www.linkedin.com/in/neena-saini-ut/         301!
/neena/*     https://www.linkedin.com/in/neena-saini-ut/         301!

/vinod       https://www.linkedin.com/in/vinsaini/               301!
/vinod/*     https://www.linkedin.com/in/vinsaini/               301!

/deepak      https://www.linkedin.com/in/deepak-saini-6a671119/   301!
/deepak/*    https://www.linkedin.com/in/deepak-saini-6a671119/   301!
